kode_depkes,kode_sp2tp,lingkup,nama_puskesmas,kondisi_bangunan_puskesmas,jenis_puskesmas,wilayah,nama_kecamatan,alamat_puskesmas,no_telp,no_fax,email,ket
P3101020201,31700101,Puskesmas Kecamatan,KEC. KEP. SERIBU UTARA/RB,Baik,Non Perawatan,Kepulauan Seribu,KEPULAUAN SERIBU UTARA,Pulau Kelapa,,,,
P3101020202,31700103,Puskesmas Kelurahan,KEL PULAU PANGGANG,Baik,Non Perawatan,Kepulauan Seribu,KEPULAUAN SERIBU UTARA,Kec. Kep. Seribu Utara,,,,
P3101020204,31700104,Puskesmas Kelurahan,KEL. PULAU HARAPAN,Baik,Non Perawatan,Kepulauan Seribu,KEPULAUAN SERIBU UTARA,Kel. Pulau Harapan ,,,,
P3101010201,31700201,Puskesmas Kecamatan,KEC. KEP. SERIBU SELATAN,Baik,Non Perawatan,Kepulauan Seribu,KEPULAUAN SERIBU SELATAN,Pulau Tidung,,,,
,,,KEL. PULAU LANCANG,,,Kepulauan Seribu,,,,,,
P3101010203,31700203,Puskesmas Kelurahan,KEL. PULAU UNTUNG JAWA,Baik,Non Perawatan,Kepulauan Seribu,KEPULAUAN SERIBU SELATAN,Kel Pulau Untung Jawa,021-70617381,,,
P3101010204,31700104,Puskesmas Kelurahan,KEL. PULAU PARI (PUSTU),Baik,Non Perawatan,Kepulauan Seribu,KEPULAUAN SERIBU SELATAN,Kel. Pulau Pari,,021-70978166,,
P3171010201,31711001,Puskesmas Kecamatan,KEC. JAGAKARSA,Baik,Perawatan,Jakarta Selatan,JAGAKARSA,Jl. Moh Kahfi RT 009,021-7864707,021-7864707,,
P3171010202,31711002,Puskesmas Kelurahan,KEL. JAGAKARSA I,Rusak Ringan,Non Perawatan,Jakarta Selatan,JAGAKARSA,Jl. Jagakarsa RT 004,021-7873926,021-7873926,,
P3171010203,31711003,Puskesmas Kelurahan,KEL. JAGAKARSA  II,Baik,Non Perawatan,Jakarta Selatan,JAGAKARSA,Jl. Jati Padang Raya. RT 012,021-7874051,,,
P3171010204,31711004,Puskesmas Kelurahan,KEL. LENTENG AGUNG  I,Rusak Berat,Non Perawatan,Jakarta Selatan,JAGAKARSA,Jl. Lontar RT 009,021-7875322,,,
P3171010205,31711005,Puskesmas Kelurahan,KEL. LENTENG AGUNG  II,Rusak Berat,Non Perawatan,Jakarta Selatan,JAGAKARSA,Jl. Gang Subur RT 010,021-7875307,021-7875307,,
P3171010206,31711006,Puskesmas Kelurahan,KEL. SRENGSENG SAWAH,Rusak Berat,Non Perawatan,Jakarta Selatan,JAGAKARSA,Jl. Baru,021-7874051,,,
P3171010207,31711007,Puskesmas Kelurahan,KEL. CIGANJUR,Baik,Non Perawatan,Jakarta Selatan,JAGAKARSA,Jl. Moh. Kahfi RT 009 (STATUS KONTRAK BANGUNAN),0-0,0-0,,
P3171020201,31710201,Puskesmas Kecamatan,KEC. PASAR MINGGU,Baik,Perawatan,Jakarta Selatan,PASAR MINGGU,Jl. Raya Jati Padang,"021-7811265, 7814716","021-7811265, 7814716",,
P3171020202,31710202,Puskesmas Kelurahan,KEL. PEJATEN TIMUR,Baik,Non Perawatan,Jakarta Selatan,PASAR MINGGU,Jl. Swadaya I/28 RT 006/11,021-78012870,021-78012870,,
P3171020203,31710203,Puskesmas Kelurahan,KEL. PEJATEN BARAT I,Baik,Non Perawatan,Jakarta Selatan,PASAR MINGGU,Jl. Pejaten Raya No. 3,021-7949636,021-7949636,pejatenbaratsatu@yahoo.co.id,
P3171020204,31710204,Puskesmas Kelurahan,KEL. PEJATEN BARAT II,Rusak Ringan,Non Perawatan,Jakarta Selatan,PASAR MINGGU,Jl. Ayub Gg F RT 002/02,021-7949982,,,
P3171020205,31710205,Puskesmas Kelurahan,KEL. PEJATEN BARAT III,Baik,Non Perawatan,Jakarta Selatan,PASAR MINGGU,Jl. Siaga Raya BAPPENAS,021-7943777,021-7943777,,
P3171020206,31710206,Puskesmas Kelurahan,KEL. PASAR MINGGU I,Baik,Non Perawatan,Jakarta Selatan,PASAR MINGGU,Jl. BII Rawa Bambu (KOMP. AL),021-7829927,021-7829927,,
P3171020207,31710207,Puskesmas Kelurahan,KEL. PASAR MINGGU II,Rusak Berat,Non Perawatan,Jakarta Selatan,PASAR MINGGU,Jl. Raya Ragunan,021-7891734,021-7891734,,
P3171020208,31710208,Puskesmas Kelurahan,KEL. KEBAGUSAN,Baik,Non Perawatan,Jakarta Selatan,PASAR MINGGU,Jl. Puskesmas RT 008/02,021-7803117,021-7803117,,
P3171020209,31710209,Puskesmas Kelurahan,KEL. RAGUNAN,Baik,Non Perawatan,Jakarta Selatan,PASAR MINGGU,Jl. Harsono RM RT 007/02,021-7812770,021-7812770,,
P3171020210,31710210,Puskesmas Kelurahan,KEL. CILANDAK TIMUR,Baik,Non Perawatan,Jakarta Selatan,PASAR MINGGU,Jl. Madrasah No. 11 RT 10/05,021-7814555,021-7814555,,
P3171020211,31710211,Puskesmas Kelurahan,KEL. JATI PADANG,Baik,Non Perawatan,Jakarta Selatan,PASAR MINGGU,Jl. Jati Padang 1A,,,,
P3171030201,31710701,Puskesmas Kecamatan,KEC. CILANDAK,Baik,Non Perawatan,Jakarta Selatan,CILANDAK,Jl. Komplek BNI 1946,"021-7661613, 7694279, 7669454",021-7694279,,
P3171030202,31710702,Puskesmas Kelurahan,KEL. GANDARIA SELATAN,Baik,Non Perawatan,Jakarta Selatan,CILANDAK,Jl. Madrasah 25,012-7650437,021-7650437,,
P3171030203,31710703,Puskesmas Kelurahan,KEL. CIPETE SELATAN,Rusak Ringan,Non Perawatan,Jakarta Selatan,CILANDAK,Jl. Anggur II RT 016,021-7669455,021-7669455,,
P3171030204,31710704,Puskesmas Kelurahan,KEL. CILANDAK BARAT,Rusak Ringan,Non Perawatan,Jakarta Selatan,CILANDAK,Jl. Sekura 123,021-7663586,021-7663586,,
P3171030205,31710705,Puskesmas Kelurahan,KEL. LEBAK BULUS,Baik,Non Perawatan,Jakarta Selatan,CILANDAK,Jl. Puskesmas RT 001/06,021-7665710,021-7665710,,
P3171030206,31710706,Puskesmas Kelurahan,KEL. PONDOK LABU,Rusak Berat,Non Perawatan,Jakarta Selatan,CILANDAK,Jl. Kelurahan Lama No. 2,021-7669456,021-7669456,,
P3171040201,31710801,Puskesmas Kecamatan,KEC. PESANGGRAHAN,Baik,Perawatan,Jakarta Selatan,PESANGGRAHAN,Jl. Cenek Raya,021-7356087,021-7356087,,
P3171040202,31710802,Puskesmas Kelurahan,KEL. PETUKANGAN UTARA,Baik,Non Perawatan,Jakarta Selatan,PESANGGRAHAN,Jl. Masjid Darul Falah,021-5866379,021-5866379,,
P3171040203,31710803,Puskesmas Kelurahan,KEL. PETUKANGAN SELATAN,Rusak Ringan,Non Perawatan,Jakarta Selatan,PESANGGRAHAN,Jl. Kemajuan RT 008,021-7378180,021-7378180,,
P3171040204,31710804,Puskesmas Kelurahan,KEL. ULUJAMI,Rusak Berat,Non Perawatan,Jakarta Selatan,PESANGGRAHAN,Jl. Ulujami Raya 18,021-7377862,021-7377862,,
P3171040205,31710805,Puskesmas Kelurahan,KEL. BINTARO,Baik,Non Perawatan,Jakarta Selatan,PESANGGRAHAN,Jl. Mufakat RT 002,021-7356807,021-7356807,,
P3171040206,31710806,Puskesmas Kelurahan,KEL. PESANGGRAHAN,Rusak Ringan,Non Perawatan,Jakarta Selatan,PESANGGRAHAN,Jl. Wijaya Kusuma,021-73880174,021-73880174,,
P3171050201,31710101,Puskesmas Kecamatan,KEC. KEBAYORAN LAMA,Baik,Perawatan,Jakarta Selatan,KEBAYORAN LAMA,Jl. Ciputat Raya RT 005,021-7245439,021-7245439,pkmklama@plasa.com,
P3171050202,31710102,Puskesmas Kelurahan,KEL. GROGOL UTARA I,Rusak Berat,Non Perawatan,Jakarta Selatan,KEBAYORAN LAMA,Jl. Kemandoran I RT 006,021-5324826,021-5324826,,
P3171050203,31710103,Puskesmas Kelurahan,KEL. GROGOL UTARA II,Rusak Berat,Non Perawatan,Jakarta Selatan,KEBAYORAN LAMA,Jl. Tanah Baru  V,021-5324968,021-5324968,,
P3171050204,31710104,Puskesmas Kelurahan,KEL. GROGOL SELATAN,Rusak Berat,Non Perawatan,Jakarta Selatan,KEBAYORAN LAMA,Jl. Kuburan Islam RT 011,021-7224909,021-7224909,,
P3171050205,31710105,Puskesmas Kelurahan,KEL. CIPULIR  I,Baik,Non Perawatan,Jakarta Selatan,KEBAYORAN LAMA,Jl. Cileduk Raya Gg Indra,021-7257810,021-7257810,,
P3171050206,31710106,Puskesmas Kelurahan,KEL. CIPULIR  II,Baik,Non Perawatan,Jakarta Selatan,KEBAYORAN LAMA,Jl. Kebon Mangga II/30,021-7269603,021-7269603,,
P3171050207,31710107,Puskesmas Kelurahan,KEL. KEB.LAMA UTARA,Rusak Ringan,Non Perawatan,Jakarta Selatan,KEBAYORAN LAMA,Jl. Bendi Raya Blok A,021-7238750,021-7238750,,
P3171050208,31710109,Puskesmas Kelurahan,KEL. KEB.LAMA SELATAN,Rusak Berat,Non Perawatan,Jakarta Selatan,KEBAYORAN LAMA,Jl. Bungur,021-7248428,021-7248426,,
P3171050209,31710108,Puskesmas Kelurahan,KEL. PONDOK PINANG,Rusak Berat,Non Perawatan,Jakarta Selatan,KEBAYORAN LAMA,Jl. Ciputat Raya,021-7651435,021-7651435,,
P3171060201,31710401,Puskesmas Kecamatan,KEC. KEBAYORAN BARU,Rusak Berat,Perawatan,Jakarta Selatan,KEBAYORAN BARU,Jl. Iskandarsyah Raya 106,021-7220274,021-7220274,,
P3171060202,31710402,Puskesmas Kelurahan,KEL. SENAYAN,Rusak Ringan,Non Perawatan,Jakarta Selatan,KEBAYORAN BARU,Jl. Tulodong Bawah  V,021-5271405,021-5271405,,
P3171060203,31710403,Puskesmas Kelurahan,KEL. RAWA BARAT,Rusak Ringan,Non Perawatan,Jakarta Selatan,KEBAYORAN BARU,Jl. Gunawarman 74,021-7205570,021-7205570,,
P3171060204,31710404,Puskesmas Kelurahan,KEL. SELONG,Rusak Berat,Non Perawatan,Jakarta Selatan,KEBAYORAN BARU,Jl. Rajasa  III/4,021-7236636,021-7236636,,
P3171060205,31710405,Puskesmas Kelurahan,KEL. GUNUNG,Rusak Ringan,Non Perawatan,Jakarta Selatan,KEBAYORAN BARU,Jl. Bone No. 25,021-7258548,021-7258548,,
P3171060206,31710406,Puskesmas Kelurahan,KEL. KRAMAT PELA,Rusak Ringan,Non Perawatan,Jakarta Selatan,KEBAYORAN BARU,"Jl. Gandaria Tengah,  V/3",021-7233832,021-7233832,,
P3171060207,31710407,Puskesmas Kelurahan,KEL. PETOGOGAN,Baik,Non Perawatan,Jakarta Selatan,KEBAYORAN BARU,Jl. Pulo Raya,021-7262979,021-7262979,,
P3171060208,31710408,Puskesmas Kelurahan,KEL. P U L O,Baik,Non Perawatan,Jakarta Selatan,KEBAYORAN BARU,Jl. Bayem  I/4,021-7244166,021-7244166,,
P3171060209,31710409,Puskesmas Kelurahan,KEL. GANDARIA UTARA  I,Baik,Non Perawatan,Jakarta Selatan,KEBAYORAN BARU,Jl. Deltasari  F/10,021-7228612,021-7228612,,
P3171060210,31710410,Puskesmas Kelurahan,KEL. GANDARIA UTARA II,Rusak Ringan,Non Perawatan,Jakarta Selatan,KEBAYORAN BARU,Jl. Masjid Blok A,021-7223458,021-7223458,,
P3171060211,31710411,Puskesmas Kelurahan,KEL. CIPETE UTARA,Rusak Ringan,Non Perawatan,Jakarta Selatan,KEBAYORAN BARU,Jl. H Abd Majid,021-7237462,021-7237462,,
P3171070201,31710301,Puskesmas Kecamatan,KEC. MAMPANG PRAPATAN,Baik,Perawatan,Jakarta Selatan,MAMPANG PRAPATAN,Jl. Kapt. Tendean RT. 011,021-79192187,021-79192187,,
P3171070202,31710302,Puskesmas Kelurahan,KEL. KUNINGAN BARAT,Rusak Berat,Non Perawatan,Jakarta Selatan,MAMPANG PRAPATAN,Jl. Poncol Jaya  No. 40,021-5260944,021-5260944,,
P3171070203,31710303,Puskesmas Kelurahan,KEL. MAMPANG PRAPATAN,Rusak Ringan,Non Perawatan,Jakarta Selatan,MAMPANG PRAPATAN,Jl. Buncit Ujung RT. 012,021-7943509,021-7943509,,
P3171070204,31710304,Puskesmas Kelurahan,KEL. PELA MAMPANG  I,Baik,Non Perawatan,Jakarta Selatan,MAMPANG PRAPATAN,Jl. Pondok Jaya  III,021-7194008,,,
P3171070205,31710305,Puskesmas Kelurahan,KEL. PELA MAMPANG  II,Rusak Ringan,Non Perawatan,Jakarta Selatan,MAMPANG PRAPATAN,Jl. Bangka Gg  V RT. 008,021-7194967,021-7194967,,
P3171070206,31710306,Puskesmas Kelurahan,KEL. TEGAL PARANG,Baik,Non Perawatan,Jakarta Selatan,MAMPANG PRAPATAN,Jl. Mampang Prapatan XI,021-7941580,021-7941580,,
P3171070207,31710307,Puskesmas Kelurahan,KEL. BANGKA,Rusak Ringan,Non Perawatan,Jakarta Selatan,MAMPANG PRAPATAN,Jl. SD Bangka No. 2,021-7196578,021-7196578,,
P3171080201,31710901,Puskesmas Kecamatan,KEC. PANCORAN,Rusak Ringan,Non Perawatan,Jakarta Selatan,PANCORAN,Jl. Potlot II  RT. 002,021-7974024,,,
P3171080202,31710902,Puskesmas Kelurahan,KEL. DUREN TIGA,Rusak Ringan,Non Perawatan,Jakarta Selatan,PANCORAN,Jl. Binawarga RT. 003,021-7944040,021-7944040,,
P3171080203,31710903,Puskesmas Kelurahan,KEL. KALIBATA  I,Rusak Ringan,Non Perawatan,Jakarta Selatan,PANCORAN,Jl. Megawai Raya VII  RT. 012,021-7446642,,,
P3171080204,31710904,Puskesmas Kelurahan,KEL. KALIBATA  II,Baik,Non Perawatan,Jakarta Selatan,PANCORAN,Jl. Warung Jati  VII,021-79198514,021-79198514,,
P3171080205,31710905,Puskesmas Kelurahan,KEL. CIKOKO,Rusak Ringan,Non Perawatan,Jakarta Selatan,PANCORAN,Jl. Cikoto  RT. 003,021-7946051,021-794051,,
P3171080206,31710906,Puskesmas Kelurahan,KEL. PENGADEGAN,Baik,Non Perawatan,Jakarta Selatan,PANCORAN,Jl. Pengadegan Timur RT. 003,021-7946050,,,
P3171080207,31710907,Puskesmas Kelurahan,KEL. RAWAJATI I,Rusak Ringan,Non Perawatan,Jakarta Selatan,PANCORAN,Kel. Pancoran,021-7980483,021-7980483,,
P3171080208,31710908,Puskesmas Kelurahan,KEL. RAWAJATI II,Rusak Total,Non Perawatan,Jakarta Selatan,PANCORAN,Kel. Rawajati,021-7946634,021-7946634,,
P3171080209,31710909,Puskesmas Kelurahan,KEL. PANCORAN,Baik,Non Perawatan,Jakarta Selatan,PANCORAN,Kel. Rawajati,021-7988538,,,
P3171090201,31710601,Puskesmas Kecamatan,KEC. TEBET,Baik,Perawatan,Jakarta Selatan,TEBET,Jl. Prof. Supomo No. 54,021-8314955,021-8296918,,
P3171090202,31710602,Puskesmas Kelurahan,KEL. MENTENG DALAM,Rusak Ringan,Non Perawatan,Jakarta Selatan,TEBET,Jl. Warung Pedok  II RT. 003,021-8352943,021-8352943,,
P3171090204,31710604,Puskesmas Kelurahan,KEL. TEBET BARAT,Baik,Non Perawatan,Jakarta Selatan,TEBET,Jl. Tebet Timur  III,021-8295976,021-8295976,,
P3171090205,31710605,Puskesmas Kelurahan,KEL. TEBET TIMUR,Baik,Non Perawatan,Jakarta Selatan,TEBET,Jl. Asem Baris Raya No. 65,021-8350632,,,
P3171090206,31710606,Puskesmas Kelurahan,KEL. KEBON BARU,Baik,Non Perawatan,Jakarta Selatan,TEBET,Jl. Bukit Duri Tanjakan,021-8353524,021-8353524,,
P3171090207,31710607,Puskesmas Kelurahan,KEL. BUKIT DURI,Rusak Ringan,Non Perawatan,Jakarta Selatan,TEBET,Jl. Dr Saharjo Gg Rambutan,021-8352556,021-8352556,,
P3171090208,31710608,Puskesmas Kelurahan,KEL. MANGGARAI SELATAN,Rusak Ringan,Non Perawatan,Jakarta Selatan,TEBET,Jl. Dr Saharjo Gg Bedeng Dalam,021-8352992,021-8352992,,
P3171090209,31710609,Puskesmas Kelurahan,KEL. MANGGARAI,Rusak Ringan,Non Perawatan,Jakarta Selatan,TEBET,Jl. Dr Saharjo Gg Bedeng Dalam,021-8305391,021-8305391,,
P3171100201,31710501,Puskesmas Kecamatan,KEC. SETIA BUDI,Baik,Non Perawatan,Jakarta Selatan,SETIA BUDI,Jl. Halimun No. 14,021-8295529,021-8295529,,
P3171100202,31710502,Puskesmas Kelurahan,KEL. SETIA BUDI,Baik,Non Perawatan,Jakarta Selatan,SETIA BUDI,Jl. Jend. Sudirman No.13A,021-5263352,021-5263352,,
P3171100203,31710503,Puskesmas Kelurahan,KEL. KARET,Baik,Non Perawatan,Jakarta Selatan,SETIA BUDI,Jl. Karet Belakang RT. 011,021-5264352,021-5264352,,
P3171100204,31710504,Puskesmas Kelurahan,KEL. PASAR MANGGIS,Baik,Non Perawatan,Jakarta Selatan,SETIA BUDI,Jl. Menteng Granit  4,021-8308588,021-8308588,,
P3171100205,31710505,Puskesmas Kelurahan,KEL. MENTENG ATAS,Baik,Non Perawatan,Jakarta Selatan,SETIA BUDI,Jl. Subur Komplek AKABRI,021-8305394,021-8305394,,
P3171100206,31710506,Puskesmas Kelurahan,KEL. KARET KUNINGAN,,,Jakarta Selatan,SETIA BUDI,Jl. Anggrek I No.7 RT 11/01,,,,Kontrak tahun 2013
P3171100207,31710507,Puskesmas Kelurahan,KEL. KUNINGAN TIMUR,,,Jakarta Selatan,SETIA BUDI,Jl. Guru Mukti No.7 RT.01/05,,,,Kontrak tahun 2013
P3172010201,31720101,Puskesmas Kecamatan,KEC. PASAR REBO,Rusak Ringan,Perawatan,Jakarta Timur,PASAR REBO,Jl. Lapan Kalisari No 1 RT. 010/01,021-8720053,021-87711248,,
P3172010202,31720102,Puskesmas Kelurahan,KEL. BARU,Baik,Non Perawatan,Jakarta Timur,PASAR REBO,Jl. Puskesmas Kel. Baru RT. 008/01,021-87780576,,,
P3172010203,31720104,Puskesmas Kelurahan,KEL. GEDONG,Rusak Berat,Non Perawatan,Jakarta Timur,PASAR REBO,Jl. Raya Condet RT. 012/03,021-8413140,,,
P3172010204,31720105,Puskesmas Kelurahan,KEL. CIJANTUNG,Baik,Non Perawatan,Jakarta Timur,PASAR REBO,Jl. Pertengahan Kel. Cijantung 05/07,021-8705354,,,
P3172010205,31720106,Puskesmas Kelurahan,KEL. KALISARI,Baik,Non Perawatan,Jakarta Timur,PASAR REBO,Jl. Puskesmas Kel. Kalisari RT. 003/03,021-8708609,,,
P3172010206,31720103,Puskesmas Kelurahan,KEL. PEKAYON,Baik,Non Perawatan,Jakarta Timur,PASAR REBO,Jl. Bulak Sari RT. 009/06,021-8718480,,,
P3172020201,31720901,Puskesmas Kecamatan,KEC. CIRACAS,Rusak Berat,Perawatan,Jakarta Timur,CIRACAS,Jl. Raya Lapang Tembak RT. 003/01,021-8718995,021-8718995,,
P3172020202,31720902,Puskesmas Kelurahan,KEL. RAMBUTAN,Rusak Ringan,Non Perawatan,Jakarta Timur,CIRACAS,Jl. H. Jenih Rt 012/01,021-87781628,,,
P3172020203,31720903,Puskesmas Kelurahan,KEL. CIRACAS,Rusak Ringan,Non Perawatan,Jakarta Timur,CIRACAS,Jl. Raya Cantex Rt 012/02,021-8708800,021-8708800,,
P3172020204,31720904,Puskesmas Kelurahan,KEL. CIBUBUR,Baik,Non Perawatan,Jakarta Timur,CIRACAS,Jl. Raya Mesjid Rt 010/04 Bulak Sereh,021-87711043,,,
P3172020205,31720905,Puskesmas Kelurahan,KEL. SUSUKAN,Baik,Non Perawatan,Jakarta Timur,CIRACAS,Jl. H. Baping Rt 009/06,021-8406584,,,
P3172020206,31720906,Puskesmas Kelurahan,KEL. KELAPA DUA WETAN,Rusak Berat,Non Perawatan,Jakarta Timur,CIRACAS,Jl. Raya Kelapa Dua Wetan Rt 001/06,021-70981100,,,
P3172030201,31721001,Puskesmas Kecamatan,KEC. CIPAYUNG,Rusak Ringan,Non Perawatan,Jakarta Timur,CIPAYUNG,Jl. Monumen Pancasila Sakti Rt 002/02,021-87792277,021-87792277,,
P3172030202,31721002,Puskesmas Kelurahan,KEL. LUBANG BUAYA,Baik,Non Perawatan,Jakarta Timur,CIPAYUNG,Jl. Monumen Pancasila,021-87793082,021-87793082,,
P3172030203,31721003,Puskesmas Kelurahan,KEL. BAMBU APUS  I,Rusak Ringan,Non Perawatan,Jakarta Timur,CIPAYUNG,Jl. Mini II Rt 002/03,021-84975368,021-84975368,,
P3172030204,31721004,Puskesmas Kelurahan,KEL. BAMBU APUS II,Rusak Ringan,Non Perawatan,Jakarta Timur,CIPAYUNG,Jl. Shinta Raya,021-84995372,021-84995372,,
P3172030205,31721005,Puskesmas Kelurahan,KEL. CIPAYUNG,Rusak Ringan,Non Perawatan,Jakarta Timur,CIPAYUNG,Jl. Prapatan Kincir,021-84593943,021-84593943,,
P3172030206,31721006,Puskesmas Kelurahan,KEL. MUNJUL,Baik,Non Perawatan,Jakarta Timur,CIPAYUNG,Jl. Dalang Rt 012/02,021-8454964,,,
P3172030207,31721007,Puskesmas Kelurahan,KEL. CEGER,Baik,Non Perawatan,Jakarta Timur,CIPAYUNG,Jl. Puskesmas Rt 001/03,021-84597466,,,
P3172030208,31721008,Puskesmas Kelurahan,KEL. SETU,Rusak Ringan,Non Perawatan,Jakarta Timur,CIPAYUNG,Jl. Puskesmas No 16 Rt 004/03,021-84594524,021-84594524,Setu@CBN.net.id,
P3172030209,31721009,Puskesmas Kelurahan,KEL. CILANGKAP,Baik,Non Perawatan,Jakarta Timur,CIPAYUNG,Jl. Sepakat V,021-8454784,021-8454784,,
P3172030210,31721010,Puskesmas Kelurahan,KEL. PONDOK RANGGON  I,Baik,Non Perawatan,Jakarta Timur,CIPAYUNG,Jl. Kramat gancang Rt 001/04,021-8457548,021-8457548,,
P3172030211,31721011,Puskesmas Kelurahan,KEL. PONDOK RANGGON  II,Baik,Non Perawatan,Jakarta Timur,CIPAYUNG,Jl. Komp Buperta Rt 001/03 Munjul,021-84594012,021-84594012,,
P3172040201,31720801,Puskesmas Kecamatan,KEC. MAKASAR,Rusak Ringan,Non Perawatan,Jakarta Timur,MAKASAR,Jl. Pusdiklat DEPNAKER No. 37,021-8003308,021-8003308,,
P3172040202,31720802,Puskesmas Kelurahan,KEL. CIPINANG MELAYU,Baik,Non Perawatan,Jakarta Timur,MAKASAR,Jl. Budi Harapan II,021-86609575,,,
P3172040203,31720804,Puskesmas Kelurahan,KEL. HALIM P.KUSUMA I,Baik,Non Perawatan,Jakarta Timur,MAKASAR,Jl. Permadi Dirgantara I,,,,
P3172040204,31720805,Puskesmas Kelurahan,KEL. HALIM P.KUSUMA II,Baik,Non Perawatan,Jakarta Timur,MAKASAR,Jl. Halim Golf,021-80886841,,,
P3172040205,31720803,Puskesmas Kelurahan,KEL. KEBON PALA,Rusak Ringan,Non Perawatan,Jakarta Timur,MAKASAR,Jl. Cakrawala Rt.006/10,021-8007620,,,
P3172040206,31720806,Puskesmas Kelurahan,KEL. PINANG RANTI,Rusak Ringan,Non Perawatan,Jakarta Timur,MAKASAR,Jl. Pondok Gede,021-87797347,021-87797347,,
P3172040207,31720807,Puskesmas Kelurahan,KEL. MAKASAR,Rusak Ringan,Non Perawatan,Jakarta Timur,MAKASAR,Jl. Karya Bhakti Rt.013/02,021-8003533,021-8003533,,
P3172050201,31720201,Puskesmas Kecamatan,KEC. KRAMAT JATI,Rusak Ringan,Perawatan,Jakarta Timur,KRAMAT JATI,Jl. Raya Inpres No.48 Kel Tengah,021-87791352,021-97793604,,
P3172050202,31720203,Puskesmas Kelurahan,KEL. CAWANG,Rusak Ringan,Non Perawatan,Jakarta Timur,KRAMAT JATI,Jl. Mesjid Bendungan I Rt 009/10,021-8091870,,,
P3172050203,31720203,Puskesmas Kelurahan,KEL. CILILITAN,Rusak Berat,Non Perawatan,Jakarta Timur,KRAMAT JATI,Jl. Ciliwung Buluh Rt 005/16,021-80889974,021-80889974,,
P3172050204,31720204,Puskesmas Kelurahan,KEL. KRAMAT JATI I,Rusak Ringan,Non Perawatan,Jakarta Timur,KRAMAT JATI,Jl. Langgar Rt 006/10,,,,
P3172050205,31720209,Puskesmas Kelurahan,KEL. KRAMAT JATI II,Rusak Ringan,Non Perawatan,Jakarta Timur,KRAMAT JATI,Jl. RS Polri Rt 006/04,,,,
P3172050206,31720205,Puskesmas Kelurahan,KEL. BATU AMPAR,Baik,Non Perawatan,Jakarta Timur,KRAMAT JATI,Jl. Batu Ampar II Wadas Rt 008/03,,,,
P3172050207,31720206,Puskesmas Kelurahan,KEL. BALAI KAMBANG,Baik,Non Perawatan,Jakarta Timur,KRAMAT JATI,Jl. Gardu Rt 001/02,,,,
P3172050208,31720207,Puskesmas Kelurahan,KEL. KAMPUNG TENGAH,Rusak Berat,Non Perawatan,Jakarta Timur,KRAMAT JATI,Jl. Murai Rt 002/02,021-87780057,,,
P3172050209,31720208,Puskesmas Kelurahan,KEL. DUKUH,Rusak Berat,Non Perawatan,Jakarta Timur,KRAMAT JATI,Jl. Kelurahan Rt 010/04,021-70921124,,,
P3172060201,31720301,Puskesmas Kecamatan,KEC. JATINEGARA,Baik,Non Perawatan,Jakarta Timur,JATINEGARA,Jl. Matraman Raya 220,021-8195146,021-8195146,,
P3172060202,31720302,Puskesmas Kelurahan,KEL. KAMPUNG MELAYU,Rusak Ringan,Non Perawatan,Jakarta Timur,JATINEGARA,Jl. Kebon Pala 1/32,021-8515004,,,
P3172060203,31720303,Puskesmas Kelurahan,KEL. BALI MESTER,Rusak Berat,Non Perawatan,Jakarta Timur,JATINEGARA,Jl. Wedana 006/02,021-85908911,,,
P3172060204,31720304,Puskesmas Kelurahan,KEL. BIDARA CINA I,Baik,Non Perawatan,Jakarta Timur,JATINEGARA,Jl. Otto Iskandar Dinata 82 Rt 006/06,021-85903677,021-85903677,,
P3172060205,31720305,Puskesmas Kelurahan,KEL. BIDARA CINA II,Rusak Ringan,Non Perawatan,Jakarta Timur,JATINEGARA,Jl. Nilam Kp. Dalam Rt 0013/011,,,,
P3172060206,31720306,Puskesmas Kelurahan,KEL. BIDARA CINA III,Rusak Berat,Non Perawatan,Jakarta Timur,JATINEGARA,Jl. Tanjung Lengkong Rt 017/07,021-85917587,021-85917587,,
P3172060207,31720307,Puskesmas Kelurahan,KEL. CIPINANG CEMPEDAK,Rusak Berat,Non Perawatan,Jakarta Timur,JATINEGARA,Jl. Cipinang Cempedak IV Rt 011/06,021-85909474,,,
P3172060208,31720308,Puskesmas Kelurahan,KEL. RAWA BUNGA,Baik,Non Perawatan,Jakarta Timur,JATINEGARA,Jl. Jatinegara Timur IV Rt 02/07,021-8511689,,,
P3172060209,31720309,Puskesmas Kelurahan,KEL. CIPINANG MUARA,Baik,Non Perawatan,Jakarta Timur,JATINEGARA,Jl. BB I Rt 06/15 Cipinang Muara,021-85907746,,,
P3172060210,31720310,Puskesmas Kelurahan,KEL. CIPINANG BESAR UTARA,Rusak Ringan,Non Perawatan,Jakarta Timur,JATINEGARA,Jl. Cipinang Pulo Maja Rt 0015/11,021-8513945,,,
P3172060211,31720311,Puskesmas Kelurahan,KEL. CIPINANG BESAR SEL. I,Rusak Ringan,Non Perawatan,Jakarta Timur,JATINEGARA,Jl. Cipinang Jaya FF Rt 001/07,021-8511127,,,
P3172060212,31720312,Puskesmas Kelurahan,KEL. CIPINANG BESAR SEL. II,Rusak Berat,Non Perawatan,Jakarta Timur,JATINEGARA,Jl. Pancawarga IV/4,021-85909549,021-85909549,,
P3172070201,31720701,Puskesmas Kecamatan,KEC. DUREN SAWIT,Rusak Ringan,Non Perawatan,Jakarta Timur,DUREN SAWIT,Jl. H. Dogol (samping SMUN 71),021-86601065,,,
P3172070202,31720702,Puskesmas Kelurahan,KEL. PONDOK BAMBU I,Rusak Ringan,Non Perawatan,Jakarta Timur,DUREN SAWIT,Jl. Kesehatan 5 Rt 002/05,021-70990050,,,
P3172070203,31720712,Puskesmas Kelurahan,KEL. PONDOK BAMBU II,Rusak Ringan,Non Perawatan,Jakarta Timur,DUREN SAWIT,Jl. Cipinang Muara II,021-8615989,,,
P3172070204,31720703,Puskesmas Kelurahan,KEL. KLENDER  I,Rusak Berat,Non Perawatan,Jakarta Timur,DUREN SAWIT,Jl. Pertanian Timur Rt 003/02,021-86605147,,,
P3172070205,31720704,Puskesmas Kelurahan,KEL. KLENDER  II,Baik,Non Perawatan,Jakarta Timur,DUREN SAWIT,Jl. Bulak Timur I No. 8 Rt 004/16,021-86603350,,,
P3172070206,31720705,Puskesmas Kelurahan,KEL. KLENDER  III,Rusak Ringan,Non Perawatan,Jakarta Timur,DUREN SAWIT,Jl. Taman Buaran Indah 2,021-9199605,,,
P3172070207,31720706,Puskesmas Kelurahan,KEL. DUREN SAWIT,Rusak Ringan,Non Perawatan,Jakarta Timur,DUREN SAWIT,Jl. Kelurahan Raya Rt 005/02,021-86602052,,,
P3172070208,31720707,Puskesmas Kelurahan,KEL. MALAKA JAYA,Rusak Total,Non Perawatan,Jakarta Timur,DUREN SAWIT,Jl. Raya Teratai Putih No. 1,021-86608372,021-86608372,,
P3172070209,31720708,Puskesmas Kelurahan,KEL. MALAKA SARI,Rusak Ringan,Non Perawatan,Jakarta Timur,DUREN SAWIT,Jl. Raya Malaka III Rt 001/06,021-68299711,,,
P3172070210,31720709,Puskesmas Kelurahan,KEL. PONDOK KOPI  I,Rusak Total,Non Perawatan,Jakarta Timur,DUREN SAWIT,Jl. Bina Karya Rawa Wadas Rt 003/06,021-86904054,,,
P3172070211,31720710,Puskesmas Kelurahan,KEL. PONDOK KOPI  II,Rusak Ringan,Non Perawatan,Jakarta Timur,DUREN SAWIT,Jl. Robusta Raya Blok Q VIII,,,,
P3172070212,31720711,Puskesmas Kelurahan,KEL. PONDOK KELAPA,Rusak Ringan,Non Perawatan,Jakarta Timur,DUREN SAWIT,Jl. Raya Pondok Kelapa Rt 0010/04,021-86903157,,,
P3172080201,31720601,Puskesmas Kecamatan,KEC. CAKUNG,Rusak Berat,Non Perawatan,Jakarta Timur,CAKUNG,Jl. Raya Bekasi Km 18,021-4608446,021-4608446,,
P3172080202,31720602,Puskesmas Kelurahan,KEL. RAWA TERATAI,Rusak Berat,Non Perawatan,Jakarta Timur,CAKUNG,Jl. Raya Bekasi Km 14,021-46829720,021-46829720,,
P3172080203,31720603,Puskesmas Kelurahan,KEL. JATINEGARA,Rusak Ringan,Non Perawatan,Jakarta Timur,CAKUNG,Jl. Raya Bekasi Km 17 Rt 005/03,021-4612345,021-4612345,,
P3172080204,31720604,Puskesmas Kelurahan,KEL. PENGGILINGAN I / ELOK,Rusak Ringan,Non Perawatan,Jakarta Timur,CAKUNG,Jl. Komp PIK,021-4807827,,,
P3172080205,31720605,Puskesmas Kelurahan,KEL. PENGGILINGAN II,Rusak Berat,Non Perawatan,Jakarta Timur,CAKUNG,Komp. Aneka Elok Jl. Mentibu Rt 12,021-46829710,021-46829710,,
P3172080206,31720607,Puskesmas Kelurahan,KEL. CAKUNG TIMUR,Rusak Berat,Non Perawatan,Jakarta Timur,CAKUNG,Jl. Balai Rakyat Rt 0013/01,021-46829810,,,
P3172080207,31720606,Puskesmas Kelurahan,KEL. CAKUNG BARAT,Baik,Non Perawatan,Jakarta Timur,CAKUNG,Jl. Raya Tipar Rt 001/07,021-46829709,021-46829709,,
P3172080208,31720608,Puskesmas Kelurahan,KEL. UJUNG MENTENG,Baik,Non Perawatan,Jakarta Timur,CAKUNG,Jl. Raya Bekasi,021-46828217,021-46828217,,
P3172080209,31720609,Puskesmas Kelurahan,KEL. PULO GEBANG,Rusak Berat,Non Perawatan,Jakarta Timur,CAKUNG,Jl. Stasiun Km 4 Rt 006/03,021-4807828,021-4807828,,
P3172090201,31720501,Puskesmas Kecamatan,KEC. PULO GADUNG,Rusak Ringan,Non Perawatan,Jakarta Timur,PULO GADUNG,Jl. Kayu Putih Selatan III13210,021-4890519,021-4890519,sp2tp@yahoo.com,
P3172090202,31720502,Puskesmas Kelurahan,KEL. KAYU PUTIH,Baik,Non Perawatan,Jakarta Timur,PULO GADUNG,Jl. Plapon I Rt 002/01,021-4710423,,,
P3172090203,31720503,Puskesmas Kelurahan,KEL. JATI  I,Rusak Ringan,Non Perawatan,Jakarta Timur,PULO GADUNG,Jl. Pulo Asem Rt 001/02,021-47868535,,,
P3172090204,31720504,Puskesmas Kelurahan,KEL. JATI  II,Baik,Non Perawatan,Jakarta Timur,PULO GADUNG,Jl. Kaplongan I/267,021-47868404,,,
P3172090205,31720505,Puskesmas Kelurahan,KEL. RAWAMANGUN,Rusak Ringan,Non Perawatan,Jakarta Timur,PULO GADUNG,Jl. Taman Jeruk,021-47864411,,,
P3172090206,31720508,Puskesmas Kelurahan,KEL. PISANGAN TIMUR I,Rusak Ringan,Non Perawatan,Jakarta Timur,PULO GADUNG,Jl. H Nugni III Rt 0012/04,021-4755612,,,
P3172090207,31720506,Puskesmas Kelurahan,KEL. PISANGAN TIMUR II,Rusak Ringan,Non Perawatan,Jakarta Timur,PULO GADUNG,Kel. Pisangan Timur,,,,
P3172090208,31720507,Puskesmas Kelurahan,KEL. CIPINANG,Rusak Ringan,Non Perawatan,Jakarta Timur,PULO GADUNG,Jl. El Cipinang/Masjid Baitussalam No.19,021-4756139,021-4756139,,
P3172090209,31720509,Puskesmas Kelurahan,KEL. JATINEGARA KAUM,Rusak Ringan,Non Perawatan,Jakarta Timur,PULO GADUNG,Jl. TB Badarudin Rt 15/07,021-4755580,,,
P3172100201,31720401,Puskesmas Kecamatan,KEC. MATRAMAN,Rusak Berat,Non Perawatan,Jakarta Timur,MATRAMAN,Jl. Kebon Kelapa Raya 29 B,021-8581957,021-8581957,,
P3172100202,31720402,Puskesmas Kelurahan,KEL. KAYU MANIS,Baik,Non Perawatan,Jakarta Timur,MATRAMAN,Jl. Kayu Manis II,021-8513170,,,
P3172100203,31720403,Puskesmas Kelurahan,KEL. UTAN KAYU UTARA,Baik,Non Perawatan,Jakarta Timur,MATRAMAN,Jl. Pegayoman Komp. Kehakiman,021-85900050,,,
P3172100204,31720406,Puskesmas Kelurahan,KEL. PISANGAN BARU,Baik,Non Perawatan,Jakarta Timur,MATRAMAN,Jl. Kebun Sereh BRI Rt 003/09,021-8507756,,,
P3172100205,31720404,Puskesmas Kelurahan,KEL. UTAN KAYU SEL. I,Baik,Non Perawatan,Jakarta Timur,MATRAMAN,Jl. Skip Ujung Rt 004/07,021-8511129,,,
P3172100206,31720405,Puskesmas Kelurahan,KEL  UTAN KAYU SEL. II,Baik,Non Perawatan,Jakarta Timur,MATRAMAN,Jl. Palmeriem,021-85909517,,,
P3172100207,31720407,Puskesmas Kelurahan,KEL. PALMERIAM,Baik,Non Perawatan,Jakarta Timur,MATRAMAN,Kel. Utan Kayu Selatan,021-8512337,,,
P3173010201,31730101,Puskesmas Kecamatan,KEC. TANAH ABANG,Rusak Ringan,Non Perawatan,Jakarta Pusat,TANAH ABANG,Jl. KH. Mas Mansyur No. 30 RT 05/07,021-3150427,021-31903174,,
P3173010202,31730105,Puskesmas Kelurahan,KEL. KAMPUNG BALI,Baik,Non Perawatan,Jakarta Pusat,TANAH ABANG,Jl. Kamp Bali Gg. 23 RT. 07/07,021-3015071,021-3915071,,
P3173010203,31730104,Puskesmas Kelurahan,KEL. PETAMBURAN,Baik,Non Perawatan,Jakarta Pusat,TANAH ABANG,Jl. Petamburan IV RT. 012/04,021-53650696,,,
P3173010204,31730103,Puskesmas Kelurahan,KEL. KARET TENGSIN,Baik,Non Perawatan,Jakarta Pusat,TANAH ABANG,Jl. Karet Pasar Baru Barat VII/19 RT. 09/02,021-5743287,,,
P3173010205,31730102,Puskesmas Kelurahan,KEL. BENDUNGAN HILIR,Baik,Non Perawatan,Jakarta Pusat,TANAH ABANG,Jl. Danau Toba Blok A No. 1 RT. 020/04,021-5732767,,,
P3173010206,31730106,Puskesmas Kelurahan,KEL. GELORA,Baik,Non Perawatan,Jakarta Pusat,TANAH ABANG,Jl. Lapangan Tembak Senayan,021-5743355,,,
P3173020201,31730201,Puskesmas Kecamatan,KEC. MENTENG,Baik,Non Perawatan,Jakarta Pusat,MENTENG,Jl. Pegangsaan Barat No. 14 RT. 16/05,021-31935836,021-31904965,pkm_kecmenteng@yahoo.co.id,
P3173020202,31730203,Puskesmas Kelurahan,KEL. GONDANGDIA,Rusak Ringan,Non Perawatan,Jakarta Pusat,MENTENG,Jl. Sumatra No. 50 RT. 02/04,021-31934421,021-31934421,,
P3173020203,31730202,Puskesmas Kelurahan,KEL. PEGANGSAAN,Rusak Ringan,Non Perawatan,Jakarta Pusat,MENTENG,Jl. Tambak No. 28,021-31934355,021-3425445,,
P3173030201,31730301,Puskesmas Kecamatan,KEC. SENEN,Baik,Non Perawatan,Jakarta Pusat,SENEN,Jl. Kramat VII,021-3146194,021-3145194,pkm.senen@plaza.com,
P3173030202,31730302,Puskesmas Kelurahan,KEL. KENARI,Baik,Non Perawatan,Jakarta Pusat,SENEN,Jl. Jambrut No. 22 RT. 07/02,021-31923932,,,
P3173030203,31730303,Puskesmas Kelurahan,KEL. KRAMAT,Baik,Non Perawatan,Jakarta Pusat,SENEN,Jl. Kramat Sentiong Ujung I/33,021-3919683,,,
P3173030204,31730304,Puskesmas Kelurahan,KEL. BUNGUR,Baik,Non Perawatan,Jakarta Pusat,SENEN,Kel. Bungur,021-4215473,021-4215473,,
P3173030205,31730305,Puskesmas Kelurahan,KEL. PASEBAN,Rusak Berat,Non Perawatan,Jakarta Pusat,SENEN,Jl. Kramat Sawah VII RT.008/07,021-3913927,,,
P3173030206,31730306,Puskesmas Kelurahan,KEL. KWITANG,Baik,Non Perawatan,Jakarta Pusat,SENEN,Jl. Kwitang IC,021-3146238,,,
P3173040201,31730801,Puskesmas Kecamatan,KEC. JOHAR BARU,Baik,Non Perawatan,Jakarta Pusat,JOHAR BARU,Jl. Tanah Tinggi XII RT. 004/09,021-4246359,021-4224041,,
P3173040202,31730807,Puskesmas Kelurahan,KEL. TANAH TINGGI,Baik,Non Perawatan,Jakarta Pusat,JOHAR BARU,Jl. Tanah Tinggi VII RT. 006/06,021-4229105,,,
P3173040203,31730802,Puskesmas Kelurahan,KEL. JOHAR BARU  I,Baik,Non Perawatan,Jakarta Pusat,JOHAR BARU,Jl. Mardani Raya No. 36 RT. 02/05,021-4256443,021-4256443,,
P3173040204,31730803,Puskesmas Kelurahan,KEL. JOHAR BARU  II,Baik,Non Perawatan,Jakarta Pusat,JOHAR BARU,Jl. Percetakan Negara II RT. 011/06,021-4229102,,,
P3173040205,31730804,Puskesmas Kelurahan,KEL. JOHAR BARU  III,Baik,Non Perawatan,Jakarta Pusat,JOHAR BARU,Jl. Kramat Raya Baru Gg IX RT. 013/01,021-4219544,,,
P3173040206,31730806,Puskesmas Kelurahan,KEL. GALUR,Baik,Non Perawatan,Jakarta Pusat,JOHAR BARU,Jl. Rawa Tengah IX RT.011/06,021-4256442,021-4256442,,
P3173040207,31730805,Puskesmas Kelurahan,KEL. KAMPUNG RAWA,Rusak Ringan,Non Perawatan,Jakarta Pusat,JOHAR BARU,Jl. Rawa Selatan I RT. 011/04,021-4256445,021-4256445,,
P3173050201,31730401,Puskesmas Kecamatan,KEC. CEMPAKA PUTIH,Rusak Berat,Perawatan,Jakarta Pusat,CEMPAKA PUTIH,Jl. Rawasari Selatan RT. 014/02,021-4219548,021-42801341,,
P3173050202,31730404,Puskesmas Kelurahan,KEL. RAWASARI,Baik,Non Perawatan,Jakarta Pusat,CEMPAKA PUTIH,Jl. Pramuka Sari I,021-4256428,021-4256428,,
P3173050203,31730402,Puskesmas Kelurahan,KEL. CEMPK.PUTIH BRT. I,Rusak Berat,Non Perawatan,Jakarta Pusat,CEMPAKA PUTIH,Jl. Percetakan Negara D 685,021-4243793,,,
P3173050204,31730403,Puskesmas Kelurahan,KEL. CEMPK.PUTIH BRT. II,Baik,Non Perawatan,Jakarta Pusat,CEMPAKA PUTIH,Jl. Cempaka Putih Barat II D/10A,021-4250858,021-4250858,,
P3173060201,31730501,Puskesmas Kecamatan,KEC. KEMAYORAN,Baik,Non Perawatan,Jakarta Pusat,KEMAYORAN,Jl. Serdang Baru I RT. 006/05,021-42801847,021-42801846,,
P3173060202,31730505,Puskesmas Kelurahan,KEL. KEBON KOSONG  I,Baik,Non Perawatan,Jakarta Pusat,KEMAYORAN,Jl. Pelita 3 RT. 008/08,021-4229104,,,
P3173060203,31730506,Puskesmas Kelurahan,KEL. KEBON KOSONG  II,Rusak Berat,Non Perawatan,Jakarta Pusat,KEMAYORAN,Jl. Kemayoran Gempol 28 RT. 06/06L,021-42802057,,,
P3173060204,31730503,Puskesmas Kelurahan,KEL. SERDANG,Baik,Non Perawatan,Jakarta Pusat,KEMAYORAN,Jl. Eka 5 RT. 09/03,021-4256429,,,
P3173060205,31730502,Puskesmas Kelurahan,KEL. UTAN PANJANG,Baik,Non Perawatan,Jakarta Pusat,KEMAYORAN,Jl. Bendungan Jago RT. 09/01,021-4250857,,,
P3173060206,31730508,Puskesmas Kelurahan,KEL. HARAPAN MULYA,Baik,Non Perawatan,Jakarta Pusat,KEMAYORAN,Jl. Harapan Mulya RT. 04/05,021-4220947,,,
P3173060207,31730507,Puskesmas Kelurahan,KEL. CEMPAKA BARU,Rusak Ringan,Non Perawatan,Jakarta Pusat,KEMAYORAN,Jl. Cempaka Baru Tengah I RT. 05/06,021-4220193,,,
P3173060208,31730504,Puskesmas Kelurahan,KEL. SUMUR BATU,Rusak Ringan,Non Perawatan,Jakarta Pusat,KEMAYORAN,Jl. Sumur Batu Raya RT. 07/01,021-4222510,,,
P3173070201,31730601,Puskesmas Kecamatan,KEC. SAWAH BESAR,Baik,Perawatan,Jakarta Pusat,SAWAH BESAR,Jl. Dwi Warna 6/7,021-6298090 - 6283864,021-6012240,pkm_swhbesar@telkom.net,
P3173070202,31730602,Puskesmas Kelurahan,KEL. MANGGA DUA SEL.,Baik,Non Perawatan,Jakarta Pusat,SAWAH BESAR,Jl. Mangga Dua Dalam 12 RT. 01/10,021-6256101,,,
P3173070203,31730603,Puskesmas Kelurahan,KEL. PASAR BARU,Baik,Non Perawatan,Jakarta Pusat,SAWAH BESAR,Jl. Krekot Bunda Raya No. 10,021-3440087,,,
P3173070204,31730604,Puskesmas Kelurahan,KEL. KARTINI,Baik,Non Perawatan,Jakarta Pusat,SAWAH BESAR,Jl. Kartini 8 Dalam,,,,
P3173080201,31730701,Puskesmas Kelurahan,KEC. GAMBIR,Baik,Non Perawatan,Jakarta Pusat,GAMBIR,Jl. Tanah Abang I/10,021-3810051,021-3844256,nurlela@cbn.net.id,
P3173080202,31730704,Puskesmas Kelurahan,KEL. DURI PULO,Rusak Ringan,Non Perawatan,Jakarta Pusat,GAMBIR,Jl. Petojo Selatan 2,021-,,,
P3173080203,31730703,Puskesmas Kelurahan,KEL. PETOJO UTARA,Baik,Non Perawatan,Jakarta Pusat,GAMBIR,Jl. Petojo Selatan II RT. 02/04,021-6338341,,,
P3173080204,31730702,Puskesmas Kelurahan,KEL. PETOJO SELATAN,Rusak Ringan,Non Perawatan,Jakarta Pusat,GAMBIR,Jl. Taman Tanah Abang III,021-3520246,,,
P3173080205,31730705,Puskesmas Kelurahan,KEL. KEBON KELAPA,Baik,Non Perawatan,Jakarta Pusat,GAMBIR,Jl. Batu Tulis 13 No.1,,,,
P3174010201,31740601,Puskesmas Kecamatan,KEC. KEMBANGAN,Baik,Perawatan,Jakarta Barat,KEMBANGAN,Jl. Komp. Taman Meruya Ilir Blok F/3,021-5870834,021-5870834,,
P3174010202,31740602,Puskesmas Kelurahan,KEL. KEMBANGAN UTARA,Baik,Non Perawatan,Jakarta Barat,KEMBANGAN,Jl. Raya Kembangan Rt 005/02,021-68534570,,,
P3174010203,31740603,Puskesmas Kelurahan,KEL. MERUYA UTARA,,,Jakarta Barat,KEMBANGAN,Jl. Komp. Taman Meruya Ilir,021-5843136,,,
P3174010204,31740604,Puskesmas Kelurahan,KEL. MERUYA SELATAN I,Baik,Non Perawatan,Jakarta Barat,KEMBANGAN,Jl. Raya Meruya Selatan,021-68534571,,,
P3174010205,31740609,Puskesmas Kelurahan,KEL. MERUYA SELATAN II,Baik,Non Perawatan,Jakarta Barat,KEMBANGAN,Jl. H. Saaba Komp Walikota Jak-Bar,021-5859081,,,
P3174010206,31740605,Puskesmas Kelurahan,KEL. JOGLO I,Baik,Non Perawatan,Jakarta Barat,KEMBANGAN,Jl. Komp. Perumahan DKI Joglo,021-5840451,,,
P3174010207,31740606,Puskesmas Kelurahan,KEL. JOGLO II,Baik,Non Perawatan,Jakarta Barat,KEMBANGAN,Jl. Raya Joglo,021-58902737,,,
P3174010208,31740607,Puskesmas Kelurahan,KEL. SRENGSENG,Baik,Non Perawatan,Jakarta Barat,KEMBANGAN,Jl. Raya Srengseng,021-68534572,,,
P3174010209,31740608,Puskesmas Kelurahan,KEL. KEMBANGAN SELATAN,Baik,Non Perawatan,Jakarta Barat,KEMBANGAN,Jl. Manggis Rt.005/07 ,021-70642117,,,
P3174020201,31740101,Puskesmas Kecamatan,KEC. KEBON JERUK,Baik,Perawatan,Jakarta Barat,KEBON JERUK,Jl. Kebon Jeruk No. 2 Rt.09/01,021-5482367,021-5482367,,
P3174020202,31740102,Puskesmas Kelurahan,KEL. KEDOYA SELATAN,Baik,Non Perawatan,Jakarta Barat,KEBON JERUK,Jl. Kedoya Raya Rt.004/03,021-58303182,021-58303182,,
P3174020203,31740103,Puskesmas Kelurahan,KEL. DURI KEPA,Baik,Non Perawatan,Jakarta Barat,KEBON JERUK,Jl. Angsana Raya No. 1,021-56944087,021-56944087,,
P3174020204,31740104,Puskesmas Kelurahan,KEL. KEBON JERUK,Baik,Non Perawatan,Jakarta Barat,KEBON JERUK,Jl. Karmel Raya Rt. 002/04,021-53679240,021-53679240,,
P3174020205,31740105,Puskesmas Kelurahan,KEL. SUKABUMI SELATAN,Baik,Non Perawatan,Jakarta Barat,KEBON JERUK,Jl. Raya Sukabumi Sel Rt.008/03,021-5361034,021-5361034,,
P3174020206,31740106,Puskesmas Kelurahan,KEL. SUKABUMI UTARA,Baik,Non Perawatan,Jakarta Barat,KEBON JERUK,Jl. Harum Raya Rt.008/07,021-5362526,021-5362526,,
P3174020207,31740107,Puskesmas Kelurahan,KEL. KELAPA DUA,Baik,Non Perawatan,Jakarta Barat,KEBON JERUK,Jl. Sasak I Rt.001/002,021-5301349,021-5301349,,
P3174020208,31740108,Puskesmas Kelurahan,KEL. KEDOYA UTARA,Baik,Non Perawatan,Jakarta Barat,KEBON JERUK,Jl. Daan Mogot Pesing Rt.003/02,021-56943877,021-56943877,,
P3174030201,31740801,Puskesmas Kecamatan,KEC. PAL MERAH,Baik,Non Perawatan,Jakarta Barat,PALMERAH,Jl. Palmerah 120,021-5483693,021-5482370,,
P3174030202,31740802,Puskesmas Kelurahan,KEL. JATI PULO I,Baik,Non Perawatan,Jakarta Barat,PALMERAH,Jl. Waru No. 1 A,021-56940307,,,
P3174030203,31740803,Puskesmas Kelurahan,KEL. JATI PULO II,Baik,Non Perawatan,Jakarta Barat,PALMERAH,Jl. Semangka Rt. 006/07,021-56940316,021-56940316,,
P3174030204,31740810,Puskesmas Kelurahan,KEL. KT. BAMBU SELATAN,Baik,Non Perawatan,Jakarta Barat,PALMERAH,Jl. KS Tubun I/27,021-56940315,,,
P3174030205,31740804,Puskesmas Kelurahan,KEL. KT. BAMBU UTARA,Baik,Non Perawatan,Jakarta Barat,PALMERAH,Jl. Pondok Bandung,,,,
P3174030206,31740805,Puskesmas Kelurahan,KEL. SLIPI I,Baik,Non Perawatan,Jakarta Barat,PALMERAH,Jl. KS Tubun II,021-5323118,021-5323118,,
P3174030207,31740806,Puskesmas Kelurahan,KEL. SLIPI II,Baik,Non Perawatan,Jakarta Barat,PALMERAH,Jl. KS Tubun IV No. 140,021-5306265,021-5306265,,
P3174030208,31740807,Puskesmas Kelurahan,KEL. PAL MERAH I,Baik,Non Perawatan,Jakarta Barat,PALMERAH,Jl. Kemanggisan Pulo Rt. 012/03,021-5347484,,,
P3174030209,31740808,Puskesmas Kelurahan,KEL. PAL MERAH II,Baik,Non Perawatan,Jakarta Barat,PALMERAH,Jl. Rawa Belong No. 11 E,021-5347336,021-5347336,,
P3174030210,31740809,Puskesmas Kelurahan,KEL. KEMANGGISAN,Baik,Non Perawatan,Jakarta Barat,PALMERAH,Jl. Anggrek Garuda D/4,021-5306368,,,
P3174040201,31740301,Puskesmas Kecamatan,KEC. GROGOL PETAMBURAN,Rusak Ringan,Perawatan,Jakarta Barat,GROGOL PETAMBURAN,Jl. Wijaya VIII Duta Mas,021-5648379,021-5633342,pkm.gropet@telkom.net,
P3174040202,31740302,Puskesmas Kelurahan,KEL. GROGOL  I,Rusak Ringan,Non Perawatan,Jakarta Barat,GROGOL PETAMBURAN,Jl. Dr. Nurdin I/35,021-56943089,,,
P3174040203,31740303,Puskesmas Kelurahan,KEL. GROGOL  II,Baik,Non Perawatan,Jakarta Barat,GROGOL PETAMBURAN,Jl. Rawa Bahagia I/32,021-56971251,,,
P3174040204,31740304,Puskesmas Kelurahan,KEL. GROGOL  III,Baik,Non Perawatan,Jakarta Barat,GROGOL PETAMBURAN,Jl. Dr. Nurdin Raya,,,,
P3174040205,31740305,Puskesmas Kelurahan,KEL. JELAMBAR I,Rusak Ringan,Non Perawatan,Jakarta Barat,GROGOL PETAMBURAN,Jl. Satria II Rt 004/04,021-56941881,,,
P3174040206,31740306,Puskesmas Kelurahan,KEL. JELAMBAR II,Baik,Non Perawatan,Jakarta Barat,GROGOL PETAMBURAN,Jl. Prof DR. Latumenten No.VI/2,021-56975053,,,
P3174040207,31740307,Puskesmas Kelurahan,KEL. JELAMBAR BARU,Baik,Non Perawatan,Jakarta Barat,GROGOL PETAMBURAN,Jl. Jelembar Ilir,,,,
P3174040208,31740308,Puskesmas Kelurahan,KEL. TJ. DUREN SELATAN,Rusak Ringan,Non Perawatan,Jakarta Barat,GROGOL PETAMBURAN,Jl. Raya Tanjung Duren 120,021-56941907,,,
P3174040209,31740309,Puskesmas Kelurahan,KEL. TJ. DUREN UTARA,Baik,Non Perawatan,Jakarta Barat,GROGOL PETAMBURAN,Jl. Tanjung Duren VII B,021-5641241,,,
P3174040210,31740310,Puskesmas Kelurahan,KEL. TOMANG,Rusak Ringan,Non Perawatan,Jakarta Barat,GROGOL PETAMBURAN,Jl. Tomang Pulo Macam V/40,021-5603976,,,
P3174050201,31740401,Puskesmas Kecamatan,KEC. TAMBORA,Baik,Perawatan,Jakarta Barat,TAMBORA,Jl. Krendang Utara No. 4,021-6313651,021-6318822,sparmanto@yahoo.com,
P3174050202,31740402,Puskesmas Kelurahan,KEL. PEKOJAN I,Baik,Non Perawatan,Jakarta Barat,TAMBORA,Jl. Bandengan Utara No. 4,021-6906376,,,
P3174050203,31740403,Puskesmas Kelurahan,KEL. PEKOJAN II,Baik,Non Perawatan,Jakarta Barat,TAMBORA,Jl. Kampung Janis No. 5,021-913719,,,
P3174050204,31740404,Puskesmas Kelurahan,KEL. ROA MALAKA,Baik,Non Perawatan,Jakarta Barat,TAMBORA,Jl. Tiang Bendera Selatan,021-6929267,,,
P3174050205,31740405,Puskesmas Kelurahan,KEL. TAMBORA,Baik,Non Perawatan,Jakarta Barat,TAMBORA,Jl. Tambora I No. 6,021-6319774,,,
P3174050206,31740406,Puskesmas Kelurahan,KEL  ANGKE,Baik,Non Perawatan,Jakarta Barat,TAMBORA,Jl. Angke Indah Gg.VII,021-6347870,,,
P3174050207,31740407,Puskesmas Kelurahan,KEL. JEMBATAN BESI,Baik,Non Perawatan,Jakarta Barat,TAMBORA,Jl. Duri Baru Rt.oo4/04,021-6301501,,,
P3174050208,31740408,Puskesmas Kelurahan,KEL. DURI UTARA,Baik,Non Perawatan,Jakarta Barat,TAMBORA,Jl. Duri Utara II/23,021-6301972,,,
P3174050209,31740409,Puskesmas Kelurahan,KEL. KALI ANYAR,Baik,Non Perawatan,Jakarta Barat,TAMBORA,Jl. Persima II No. 10,021-6314812,,,
P3174060201,31740501,Puskesmas Kecamatan,KEC. TAMANSARI,Baik,Non Perawatan,Jakarta Barat,TAMAN SARI,Jl. Madu No. 10,021-6297752,021-6297752,,
P3174060202,31740502,Puskesmas Kelurahan,KEL. MANGGA BESAR,Baik,Non Perawatan,Jakarta Barat,TAMAN SARI,Jl. Blustru No. 16,021-6595342,021-6595342,,
P3174060203,31740503,Puskesmas Kelurahan,KEL. KEAGUNGAN,Baik,Non Perawatan,Jakarta Barat,TAMAN SARI,Jl. Kebon Sayur I No.6,021-6313624,021-6313624,,
P3174060204,31740505,Puskesmas Kelurahan,KEL. KRUKUT,Baik,Non Perawatan,Jakarta Barat,TAMAN SARI,Jl. Krutut Lio,021-6319817,,,
P3174060205,31740506,Puskesmas Kelurahan,KEL. MAPHAR,Baik,Non Perawatan,Jakarta Barat,TAMAN SARI,Jl. Kebon Jeruk X,021-6592603,,,
P3174060206,31740507,Puskesmas Kelurahan,KEL. TAMANSARI,Baik,Non Perawatan,Jakarta Barat,TAMAN SARI,Jl. Mangga Besar XIII,021-6247319,,,
P3174060207,31740508,Puskesmas Kelurahan,KEL. PINANGSIA,,,Jakarta Barat,TAMAN SARI,Jl. Kemukus Rt.04/06 Block C 12,,,,Kontrak Tahun 2013
P3174070201,31740201,Puskesmas Kecamatan,KEC. CENGKARENG,Rusak Ringan,Non Perawatan,Jakarta Barat,CENGKARENG,Jl. Kamal Raya,021-54398366,021-69191756,,
P3174070202,31740210,Puskesmas Kelurahan,KEL. RAWA BUAYA,Baik,Non Perawatan,Jakarta Barat,CENGKARENG,Jl. Bojong Raya Rt 002/04,021-58300444,021-58300444,,
P3174070203,31740202,Puskesmas Kelurahan,KEL. CENGKARENG TIMUR,Baik,Non Perawatan,Jakarta Barat,CENGKARENG,Jl. Nurul Amal Rt 013/04,021-70601473,,,
P3174070204,31740203,Puskesmas Kelurahan,KEL  CENGKARENG BRT. I,Baik,Non Perawatan,Jakarta Barat,CENGKARENG,Jl. Flamboyan No. 75,021-55960714,021-55960714,,
P3174070205,31740204,Puskesmas Kelurahan,KEL. CENGKARENG BRT. II,Baik,Non Perawatan,Jakarta Barat,CENGKARENG,Jl. Cendrawasih VII,021-54371828,021-54371828,,
P3174070206,31740205,Puskesmas Kelurahan,KEL. KAPUK  I,Baik,Non Perawatan,Jakarta Barat,CENGKARENG,Jl. Raya Kapuk Rt003/11,021-70601471,021-70601471,pkm_kapuk1@telkom.net,
P3174070207,31740206,Puskesmas Kelurahan,KEL. KAPUK  II,Baik,Non Perawatan,Jakarta Barat,CENGKARENG,Jl. Raya Kapuk Rt004/05,021-70601472,,,
P3174070208,31740207,Puskesmas Kelurahan,KEL. KEDAUNG KALI ANGKE,Baik,Non Perawatan,Jakarta Barat,CENGKARENG,Jl. Komp. Depag Kaliangke,021-54366208,,,
P3174070209,31740208,Puskesmas Kelurahan,KEL. DURI KOSAMBI  I,Baik,Non Perawatan,Jakarta Barat,CENGKARENG,Jl. Raya Duri Kosambi I,021-5459413,,,
P3174070210,31740209,Puskesmas Kelurahan,KEL. DURI K0SAMBI  II,Baik,Non Perawatan,Jakarta Barat,CENGKARENG,Jl. Raya Rawa Buaya 04/07,,,,
P3174080201,31740701,Puskesmas Kecamatan,KEC. KALIDERES,Baik,Perawatan,Jakarta Barat,KALI DERES,Jl. Satu Maret,021-54390576,021-54390576,,
P3174080202,31740702,Puskesmas Kelurahan,KEL. SEMANAN  I,Baik,Non Perawatan,Jakarta Barat,KALI DERES,JL. Raya Semanan No. 37,,,,
P3174080203,31740703,Puskesmas Kelurahan,KEL. SEMANAN  II,Baik,Non Perawatan,Jakarta Barat,KALI DERES,Jl. Semanan Raya Rt 005/03,,,,
P3174080204,31740704,Puskesmas Kelurahan,KEL. KAMAL,Baik,Non Perawatan,Jakarta Barat,KALI DERES,Jl. Kebon 200 Rt 007/01,,,,
P3174080205,31740705,Puskesmas Kelurahan,KEL. TEGAL ALUR  I,Baik,Non Perawatan,Jakarta Barat,KALI DERES,Jl. Sukatani Rt 007/02,,,,
P3174080206,31740706,Puskesmas Kelurahan,KEL. TEGAL ALUR  II,Baik,Non Perawatan,Jakarta Barat,KALI DERES,Komp. Kebersihan Rt 007/04,,,,
P3174080207,31740707,Puskesmas Kelurahan,KEL. TEGAL ALUR  III,Baik,Non Perawatan,Jakarta Barat,KALI DERES,Jl. Kayu Besar Rt 006/12,,,,
P3174080208,31740708,Puskesmas Kelurahan,KEL. PEGADUNGAN I,Baik,Non Perawatan,Jakarta Barat,KALI DERES,Jl. Wadas Rt 002/06,,,,
P3174080209,31740709,Puskesmas Kelurahan,KEL. PEGADUNGAN II,Baik,Non Perawatan,Jakarta Barat,KALI DERES,Jl. Tanjung Pura Rt 006/05,,,,
P3174080210,31740711,Puskesmas Kelurahan,KEL. PEGADUNGAN III,Baik,Non Perawatan,Jakarta Barat,KALI DERES,Jl. Kumbang Raya,021-5443023,,,
P3174080211,31740712,Puskesmas Kelurahan,KEL. PEGADUNGAN IV,Baik,Non Perawatan,Jakarta Barat,KALI DERES,Jl. Komp. Citra Garden Blok M,021-54392924,,,
P3174080212,31740710,Puskesmas Kelurahan,KEL. KALIDERES,Baik,Non Perawatan,Jakarta Barat,KALI DERES,Jl. Peta Selatan Rt 007/01,,,,
P3174080213,31740713,Puskesmas Kelurahan,KEL. KAMAL II,Baik,Non Perawatan,Jakarta Barat,KALI DERES,Jl. Kp. Belakang,,,,
P3175010201,31750101,Puskesmas Kecamatan,KEC. PENJARINGAN,Baik,Perawatan,Jakarta Utara,PENJARINGAN,Jl. Telok Gong Raya No.2,021-6694917,021-6694917,,
P3175010202,31750102,Puskesmas Kelurahan,KEL. KAMAL MUARA,Baik,Non Perawatan,Jakarta Utara,PENJARINGAN,Jl. Kamal Muara Raya,,,,
P3175010203,31750103,Puskesmas Kelurahan,KEL. KAPUK MUARA,Baik,Non Perawatan,Jakarta Utara,PENJARINGAN,Jl. SMP 122,,,,
P3175010204,31750104,Puskesmas Kelurahan,KEL. PEJAGALAN,Baik,Non Perawatan,Jakarta Utara,PENJARINGAN,Jl. Kura Telok Gong,021-6616245,,,
P3175010205,31750105,Puskesmas Kelurahan,KEL. PENJARINGAN I,Rusak Ringan,Non Perawatan,Jakarta Utara,PENJARINGAN,Jl. Pluit Raya Selatan No.2,021-66696374,021-66696374,PKM_PENJI@YAHOO.CO.ID,
P3175010206,31750106,Puskesmas Kelurahan,KEL. PENJARINGAN II,Rusak Ringan,Non Perawatan,Jakarta Utara,PENJARINGAN,Jl. Pasar Royal,021-66696407,021-66696407,,
P3175010208,31750107,Puskesmas Kelurahan,KEL. PLUIT,Rusak Berat,Non Perawatan,Jakarta Utara,PENJARINGAN,Jl. Muara Angke,,,,
P3175020201,31750601,Puskesmas Kecamatan,KEC. PADEMANGAN,Rusak Ringan,Non Perawatan,Jakarta Utara,PADEMANGAN,Jl. Budi Mulya No.11,021-6406609,021-6452346,PKM_PADEMANGAN@TELKOM.COM,
P3175020202,31750602,Puskesmas Kelurahan,KEL. ANCOL,Baik,Non Perawatan,Jakarta Utara,PADEMANGAN,Jl. Ancol Barat IV,021-6926483,021-6926483,,
P3175020203,31750603,Puskesmas Kelurahan,KEL. PADEMANGAN BRT. I,Baik,Non Perawatan,Jakarta Utara,PADEMANGAN,Jl. Ampera Raya,021-6411276,,,
P3175020204,31750604,Puskesmas Kelurahan,KEL. PADEMANGAN BRT. II,Baik,Non Perawatan,Jakarta Utara,PADEMANGAN,Jl. Waspada Raya Gg. B2,021-6406246,,,
P3175020205,31750605,Puskesmas Kelurahan,KEL. PADEMANGAN TIMUR,Baik,Non Perawatan,Jakarta Utara,PADEMANGAN,Jl. Pademangan II Gg. 22/2,021-64710433,,,
P3175030201,31750201,Puskesmas Kecamatan,KEC. TANJUNG PRIOK,Baik,Non Perawatan,Jakarta Utara,TANJUNG PRIOK,Jl. Bugis No.63,,,,
P3175030202,31750202,Puskesmas Kelurahan,KEL. SUNTER JAYA-I,Baik,Non Perawatan,Jakarta Utara,TANJUNG PRIOK,Jl. Bambu Kuning Gg. II / I,021-6517476,021-6517476,,
P3175030203,31750203,Puskesmas Kelurahan,KEL. SUNTER JAYA II,Baik,Non Perawatan,Jakarta Utara,TANJUNG PRIOK,Jl. Komplek Kebersihan DKI,021-6515132,,,
P3175030204,31750204,Puskesmas Kelurahan,KEL. PAPANGGO  I,Baik,Non Perawatan,Jakarta Utara,TANJUNG PRIOK,Jl. Papanggi II/ B N69,,,,
P3175030205,31750205,Puskesmas Kelurahan,KEL. SUNGAI BAMBU,Baik,Non Perawatan,Jakarta Utara,TANJUNG PRIOK,Jl. Sungai Bambu IV/24,021-43905280,,,
P3175030206,31750206,Puskesmas Kelurahan,KEL. KEBON BAWANG I,Baik,Non Perawatan,Jakarta Utara,TANJUNG PRIOK,Jl. Swasembada Barat VII,021-43905326,,,
P3175030207,31750207,Puskesmas Kelurahan,KEL. KEBON BAWANG II,Baik,Non Perawatan,Jakarta Utara,TANJUNG PRIOK,Jl. Swasembada Barat IV,021-43905316,,,
P3175030208,31750208,Puskesmas Kelurahan,KEL. KEBON BAWANG III,Baik,Non Perawatan,Jakarta Utara,TANJUNG PRIOK,Jl. Swasembada Barat II,021-43913350,,,
P3175030209,31750209,Puskesmas Kelurahan,KEL. TANJUNG PRIOK,Baik,Non Perawatan,Jakarta Utara,TANJUNG PRIOK,Jl. Kampung Bahari III/65,,,,
P3175030210,31750210,Puskesmas Kelurahan,KEL. SUNTER AGUNG I,Baik,Non Perawatan,Jakarta Utara,TANJUNG PRIOK,Jl. Bambu Kuning Gg. II 1,,,,
P3175030211,31750211,Puskesmas Kelurahan,KEL. SUNTER AGUNG II,Baik,Non Perawatan,Jakarta Utara,TANJUNG PRIOK,Jl. Agung Barat XXV,021-65833297,,,
P3175030212,31750212,Puskesmas Kelurahan,KEL. SUNTER AGUNG III,Baik,Non Perawatan,Jakarta Utara,TANJUNG PRIOK,Jl. Taman Nyiur Komp. Bl,021-6503209,,,
P3175030213,31750213,Puskesmas Kelurahan,KEL. W A R A K A S,Baik,Non Perawatan,Jakarta Utara,TANJUNG PRIOK,Jl. Warakas IX/22,021-4308865,,,
P3175030214,31750214,Puskesmas Kelurahan,KEL. PAPANGGO II,Baik,Non Perawatan,Jakarta Utara,TANJUNG PRIOK,Jl. Bisma Timur II,021-65832994,,,
P3175040201,31750301,Puskesmas Kecamatan,KEC. K O J A,Baik,Perawatan,Jakarta Utara,KOJA,Jl. Walang Permai No. 39,021-4367168,,,
P3175040202,31750303,Puskesmas Kelurahan,KEL. K O J A,Rusak Berat,Non Perawatan,Jakarta Utara,KOJA,Jl. Deli Gg. 28 No.2,,,,
P3175040203,31750304,Puskesmas Kelurahan,KEL. L A G O A,Baik,Non Perawatan,Jakarta Utara,KOJA,Jl. Mangga No.1,021-4302114,,,
P3175040204,31750306,Puskesmas Kelurahan,KEL. TUGU UTARA II,,,Jakarta Utara,KOJA,Jl. Kramat Jaya Gg VII Rt 001/018,021-4403913,,,
P3175040205,31750305,Puskesmas Kelurahan,KEL. TUGU UTARA I,Baik,Non Perawatan,Jakarta Utara,KOJA,Jl. Mahoni Selatan No.1,021-43905753,021-43908444,,
P3175040206,31750302,Puskesmas Kelurahan,KEL. TUGU SELATAN,Baik,Non Perawatan,Jakarta Utara,KOJA,Jl. Bendungan Melayu Selatan Rt 001/05,021-43908519,,,
P3175040207,31750307,Puskesmas Kelurahan,KEL. RAWA BADAK UTARA,,Non Perawatan,Jakarta Utara,KOJA,Jl. Rawa Badak Barat No. 37,021-43933827,,,
P3175040208,31750308,Puskesmas Kelurahan,KEL. RAWA BADAK SELATAN,Rusak Berat,Non Perawatan,Jakarta Utara,KOJA,Jl. Rawa Binangun I,021-43908520,,,
P3175040209,31750309,Puskesmas Kelurahan,KEL. RAWA BADAK SELATAN,,Non Perawatan,Jakarta Utara,KOJA,Jl. K-II No.7 Rt.009/005 Plumpang,,,,Kontrak Tahun 2013
P3175050201,31750701,Puskesmas Kecamatan,KEC. KELAPA GADING,Baik,Non Perawatan,Jakarta Utara,KELAPA GADING,Jl. Pelepah Raya,021-45853300,021-45853300,,
P3175050202,31750702,Puskesmas Kelurahan,KEL. KELAPA GADING TIMUR,,Non Perawatan,Jakarta Utara,KELAPA GADING,Jl. Puskesmas No.9,021-70792196,,,
P3175050203,31750703,Puskesmas Kelurahan,KEL. KELAPA GADING BARAT,,Non Perawatan,Jakarta Utara,KELAPA GADING,Jl. Merah Jambu Blok EJ/22,,,,
P3175050204,31750704,Puskesmas Kelurahan,KEL. PEGANGSAAN DUA A,Rusak Ringan,Non Perawatan,Jakarta Utara,KELAPA GADING,Jl. H. Oyar,021-4618764,,,
P3175050205,31750705,Puskesmas Kelurahan,KEL. PEGANGSAAN DUA B,Baik,Non Perawatan,Jakarta Utara,KELAPA GADING,Jl. Gadang No.1,021-4513321,,,
P3175050206,31750706,Puskesmas Kelurahan,KLE. KELAPA GADING BARAT ,,,Jakarta Utara,KELAPA GADING,Jl. Infeksius kali sunter No.03 RT.08/04,,,,Kontrak Tahun 2013
P3175060201,31750501,Puskesmas Kecamatan,KEC. CILINCING,Baik,Perawatan,Jakarta Utara,CILINCING,Jl. Madya Kebantenan IV,021-4412889,,,
P3175060202,31750502,Puskesmas Kelurahan,KEL. KALIBARU,Rusak Ringan,Non Perawatan,Jakarta Utara,CILINCING,Jl. Kalibaru Timur 1/60,021-44835305,,,
P3175060203,31750503,Puskesmas Kelurahan,KEL. CILINCING I,Rusak Ringan,Non Perawatan,Jakarta Utara,CILINCING,Jl. Pasar Pagi No.11A,021-4416419,021-4416419,,
P3175060204,31750504,Puskesmas Kelurahan,KEL. CILINCING II,Rusak Ringan,Non Perawatan,Jakarta Utara,CILINCING,Jl. Sungai Landak No.26,021-4404703,021-4404703,,
P3175060205,31750505,Puskesmas Kelurahan,KEL. SEMPER BARAT I,Rusak Ringan,Non Perawatan,Jakarta Utara,CILINCING,Jl. Durian No.49,021-4400351,021-4400351,,
P3175060206,31750506,Puskesmas Kelurahan,KEL. SEMPER BARAT II,Rusak Ringan,Non Perawatan,Jakarta Utara,CILINCING,Jl. Tipar Cakung No. 18,021-4410227,021-4410227,,
P3175060207,31750507,Puskesmas Kelurahan,KEL. SEMPER BARAT III,Rusak Berat,Non Perawatan,Jakarta Utara,CILINCING,Jl. Pepaya V,021-44835008,021-44835008,,
P3175060208,31750508,Puskesmas Kelurahan,KEL. MARUNDA,Rusak Ringan,Non Perawatan,Jakarta Utara,CILINCING,Jl. Marunda Baru No.5,021-44852585,,,
P3175060209,31750509,Puskesmas Kelurahan,KEL. SUKAPURA,Baik,Non Perawatan,Jakarta Utara,CILINCING,Jl. Tipar Cakung,021-44834952,021-44834952,,
P3175060210,31750510,Puskesmas Kelurahan,KEL. ROROTAN,Baik,Non Perawatan,Jakarta Utara,CILINCING,Jl. Manunggal Juang XIX No.4,021-44850175,021-44850175,,
P3175060211,31750511,Puskesmas Kelurahan,KEL. SEMPER TIMUR,,,Jakarta Utara,CILINCING,Jl. Kampung rawa malang RT.08/10 Kel.Semper Timur,,,,Kontrak Tahun 2013
